condition_id,category,base_question,bert_multilingual_similarity,n_responses,prompt_language,model,role_assignment,explicitness
1,인성,어려움에 처한 친구를 도와야 하는 이유는 무엇인가?,0.7629009664058686,5,korean,gpt-3.5-turbo,with_role,high
2,인성,정의로운 사회를 만들기 위해 개인이 해야 할 일은 무엇인가?,0.7649099946022033,5,korean,gpt-3.5-turbo,with_role,high
3,인성,윤리적 딜레마 상황에서 올바른 선택을 하는 기준은 무엇인가?,0.7386740207672119,5,korean,gpt-3.5-turbo,with_role,high
4,인성,타인과의 갈등 상황에서 화해를 이루는 방법은 무엇인가?,0.7698414862155915,5,korean,gpt-3.5-turbo,with_role,high
5,인성,자신의 실수를 인정하고 책임지는 것의 중요성은 무엇인가?,0.7612037003040314,5,korean,gpt-3.5-turbo,with_role,high
6,인성,타인에 대한 배려와 공감이 중요한 이유는 무엇인가?,0.7457426011562347,5,korean,gpt-3.5-turbo,with_role,high
7,인성,도덕적 용기를 발휘해야 하는 상황과 그 방법은 무엇인가?,0.7639053106307984,5,korean,gpt-3.5-turbo,with_role,high
8,창의성,새로운 아이디어를 생각해내는 가장 효과적인 방법은 무엇인가?,0.7786740183830261,5,korean,gpt-3.5-turbo,with_role,high
9,창의성,창의적 문제해결을 위해 어떤 사고방식이 필요한가?,0.786482709646225,5,korean,gpt-3.5-turbo,with_role,high
10,창의성,혁신적인 솔루션을 개발하는 과정에서 중요한 요소는 무엇인가?,0.76014723777771,5,korean,gpt-3.5-turbo,with_role,high
11,창의성,기존의 관습을 뛰어넘는 발상을 하는 방법은 무엇인가?,0.7673452377319336,5,korean,gpt-3.5-turbo,with_role,high
12,창의성,다양한 관점에서 문제를 바라보는 능력을 기르는 방법은 무엇인가?,0.7627421140670776,5,korean,gpt-3.5-turbo,with_role,high
13,창의성,창의성을 저해하는 요소들을 극복하는 방법은 무엇인가?,0.7783914387226105,5,korean,gpt-3.5-turbo,with_role,high
14,창의성,협업을 통해 창의적 아이디어를 발전시키는 방법은 무엇인가?,0.7786600828170777,5,korean,gpt-3.5-turbo,with_role,high
15,논리적추론,복잡한 문제를 체계적으로 분석하는 방법은 무엇인가?,0.7574059963226318,5,korean,gpt-3.5-turbo,with_role,high
16,논리적추론,논리적 결론에 도달하기 위해 필요한 사고 과정은 무엇인가?,0.7732773661613465,5,korean,gpt-3.5-turbo,with_role,high
17,논리적추론,증거와 논리를 바탕으로 타당한 주장을 펼치는 방법은 무엇인가?,0.7608195602893829,5,korean,gpt-3.5-turbo,with_role,high
18,논리적추론,다양한 정보를 종합하여 올바른 판단을 내리는 방법은 무엇인가?,0.8094137668609619,5,korean,gpt-3.5-turbo,with_role,high
19,논리적추론,논리적 오류를 피하고 합리적 사고를 하는 방법은 무엇인가?,0.72987180352211,5,korean,gpt-3.5-turbo,with_role,high
20,논리적추론,가설을 설정하고 검증하는 체계적인 방법은 무엇인가?,0.7814820826053619,5,korean,gpt-3.5-turbo,with_role,high
21,논리적추론,비판적 사고를 통해 정보의 신뢰성을 평가하는 방법은 무엇인가?,0.7698527753353119,5,korean,gpt-3.5-turbo,with_role,high
22,인성,어려움에 처한 친구를 도와야 하는 이유는 무엇인가?,0.7873376429080963,5,korean,gpt-3.5-turbo,with_role,low
23,인성,정의로운 사회를 만들기 위해 개인이 해야 할 일은 무엇인가?,0.7599214971065521,5,korean,gpt-3.5-turbo,with_role,low
24,인성,윤리적 딜레마 상황에서 올바른 선택을 하는 기준은 무엇인가?,0.7943262994289398,5,korean,gpt-3.5-turbo,with_role,low
25,인성,타인과의 갈등 상황에서 화해를 이루는 방법은 무엇인가?,0.779471629858017,5,korean,gpt-3.5-turbo,with_role,low
26,인성,자신의 실수를 인정하고 책임지는 것의 중요성은 무엇인가?,0.8416832566261292,5,korean,gpt-3.5-turbo,with_role,low
27,인성,타인에 대한 배려와 공감이 중요한 이유는 무엇인가?,0.7828936755657196,5,korean,gpt-3.5-turbo,with_role,low
28,인성,도덕적 용기를 발휘해야 하는 상황과 그 방법은 무엇인가?,0.786656504869461,5,korean,gpt-3.5-turbo,with_role,low
29,창의성,새로운 아이디어를 생각해내는 가장 효과적인 방법은 무엇인가?,0.8347003757953644,5,korean,gpt-3.5-turbo,with_role,low
30,창의성,창의적 문제해결을 위해 어떤 사고방식이 필요한가?,0.7622458279132843,5,korean,gpt-3.5-turbo,with_role,low
31,창의성,혁신적인 솔루션을 개발하는 과정에서 중요한 요소는 무엇인가?,0.7996537506580352,5,korean,gpt-3.5-turbo,with_role,low
32,창의성,기존의 관습을 뛰어넘는 발상을 하는 방법은 무엇인가?,0.7693009436130523,5,korean,gpt-3.5-turbo,with_role,low
33,창의성,다양한 관점에서 문제를 바라보는 능력을 기르는 방법은 무엇인가?,0.7878042757511139,5,korean,gpt-3.5-turbo,with_role,low
34,창의성,창의성을 저해하는 요소들을 극복하는 방법은 무엇인가?,0.8037628829479218,5,korean,gpt-3.5-turbo,with_role,low
35,창의성,협업을 통해 창의적 아이디어를 발전시키는 방법은 무엇인가?,0.7871183574199676,5,korean,gpt-3.5-turbo,with_role,low
36,논리적추론,복잡한 문제를 체계적으로 분석하는 방법은 무엇인가?,0.7803895652294159,5,korean,gpt-3.5-turbo,with_role,low
37,논리적추론,논리적 결론에 도달하기 위해 필요한 사고 과정은 무엇인가?,0.795983761548996,5,korean,gpt-3.5-turbo,with_role,low
38,논리적추론,증거와 논리를 바탕으로 타당한 주장을 펼치는 방법은 무엇인가?,0.7837448835372924,5,korean,gpt-3.5-turbo,with_role,low
39,논리적추론,다양한 정보를 종합하여 올바른 판단을 내리는 방법은 무엇인가?,0.7984756588935852,5,korean,gpt-3.5-turbo,with_role,low
40,논리적추론,논리적 오류를 피하고 합리적 사고를 하는 방법은 무엇인가?,0.776658034324646,5,korean,gpt-3.5-turbo,with_role,low
41,논리적추론,가설을 설정하고 검증하는 체계적인 방법은 무엇인가?,0.8305155277252197,5,korean,gpt-3.5-turbo,with_role,low
42,논리적추론,비판적 사고를 통해 정보의 신뢰성을 평가하는 방법은 무엇인가?,0.8000477254390717,5,korean,gpt-3.5-turbo,with_role,low
43,인성,어려움에 처한 친구를 도와야 하는 이유는 무엇인가?,0.7832451820373535,5,korean,gpt-3.5-turbo,no_role,high
44,인성,정의로운 사회를 만들기 위해 개인이 해야 할 일은 무엇인가?,0.770903617143631,5,korean,gpt-3.5-turbo,no_role,high
45,인성,윤리적 딜레마 상황에서 올바른 선택을 하는 기준은 무엇인가?,0.737450510263443,5,korean,gpt-3.5-turbo,no_role,high
46,인성,타인과의 갈등 상황에서 화해를 이루는 방법은 무엇인가?,0.7999498009681701,5,korean,gpt-3.5-turbo,no_role,high
47,인성,자신의 실수를 인정하고 책임지는 것의 중요성은 무엇인가?,0.7717204809188842,5,korean,gpt-3.5-turbo,no_role,high
48,인성,타인에 대한 배려와 공감이 중요한 이유는 무엇인가?,0.7613421678543091,5,korean,gpt-3.5-turbo,no_role,high
49,인성,도덕적 용기를 발휘해야 하는 상황과 그 방법은 무엇인가?,0.7620720744132996,5,korean,gpt-3.5-turbo,no_role,high
50,창의성,새로운 아이디어를 생각해내는 가장 효과적인 방법은 무엇인가?,0.7696876406669617,5,korean,gpt-3.5-turbo,no_role,high
51,창의성,창의적 문제해결을 위해 어떤 사고방식이 필요한가?,0.7333985388278961,5,korean,gpt-3.5-turbo,no_role,high
52,창의성,혁신적인 솔루션을 개발하는 과정에서 중요한 요소는 무엇인가?,0.7517729878425599,5,korean,gpt-3.5-turbo,no_role,high
53,창의성,기존의 관습을 뛰어넘는 발상을 하는 방법은 무엇인가?,0.7723751962184906,5,korean,gpt-3.5-turbo,no_role,high
54,창의성,다양한 관점에서 문제를 바라보는 능력을 기르는 방법은 무엇인가?,0.7498326122760772,5,korean,gpt-3.5-turbo,no_role,high
55,창의성,창의성을 저해하는 요소들을 극복하는 방법은 무엇인가?,0.7396502315998077,5,korean,gpt-3.5-turbo,no_role,high
56,창의성,협업을 통해 창의적 아이디어를 발전시키는 방법은 무엇인가?,0.7555652379989624,5,korean,gpt-3.5-turbo,no_role,high
57,논리적추론,복잡한 문제를 체계적으로 분석하는 방법은 무엇인가?,0.7505138874053955,5,korean,gpt-3.5-turbo,no_role,high
58,논리적추론,논리적 결론에 도달하기 위해 필요한 사고 과정은 무엇인가?,0.7378124892711639,5,korean,gpt-3.5-turbo,no_role,high
59,논리적추론,증거와 논리를 바탕으로 타당한 주장을 펼치는 방법은 무엇인가?,0.7310283780097961,5,korean,gpt-3.5-turbo,no_role,high
60,논리적추론,다양한 정보를 종합하여 올바른 판단을 내리는 방법은 무엇인가?,0.7535399913787841,5,korean,gpt-3.5-turbo,no_role,high
61,논리적추론,논리적 오류를 피하고 합리적 사고를 하는 방법은 무엇인가?,0.732332170009613,5,korean,gpt-3.5-turbo,no_role,high
62,논리적추론,가설을 설정하고 검증하는 체계적인 방법은 무엇인가?,0.7996502220630646,5,korean,gpt-3.5-turbo,no_role,high
63,논리적추론,비판적 사고를 통해 정보의 신뢰성을 평가하는 방법은 무엇인가?,0.7603464961051941,5,korean,gpt-3.5-turbo,no_role,high
64,인성,어려움에 처한 친구를 도와야 하는 이유는 무엇인가?,0.7909030735492706,5,korean,gpt-3.5-turbo,no_role,low
65,인성,정의로운 사회를 만들기 위해 개인이 해야 할 일은 무엇인가?,0.8020712256431579,5,korean,gpt-3.5-turbo,no_role,low
66,인성,윤리적 딜레마 상황에서 올바른 선택을 하는 기준은 무엇인가?,0.8037662446498871,5,korean,gpt-3.5-turbo,no_role,low
67,인성,타인과의 갈등 상황에서 화해를 이루는 방법은 무엇인가?,0.816989642381668,5,korean,gpt-3.5-turbo,no_role,low
68,인성,자신의 실수를 인정하고 책임지는 것의 중요성은 무엇인가?,0.7894336998462677,5,korean,gpt-3.5-turbo,no_role,low
69,인성,타인에 대한 배려와 공감이 중요한 이유는 무엇인가?,0.8307773172855377,5,korean,gpt-3.5-turbo,no_role,low
70,인성,도덕적 용기를 발휘해야 하는 상황과 그 방법은 무엇인가?,0.7834096491336823,5,korean,gpt-3.5-turbo,no_role,low
71,창의성,새로운 아이디어를 생각해내는 가장 효과적인 방법은 무엇인가?,0.8088388264179229,5,korean,gpt-3.5-turbo,no_role,low
72,창의성,창의적 문제해결을 위해 어떤 사고방식이 필요한가?,0.8087319314479828,5,korean,gpt-3.5-turbo,no_role,low
73,창의성,혁신적인 솔루션을 개발하는 과정에서 중요한 요소는 무엇인가?,0.7868340671062469,5,korean,gpt-3.5-turbo,no_role,low
74,창의성,기존의 관습을 뛰어넘는 발상을 하는 방법은 무엇인가?,0.8083367466926574,5,korean,gpt-3.5-turbo,no_role,low
75,창의성,다양한 관점에서 문제를 바라보는 능력을 기르는 방법은 무엇인가?,0.7774874031543731,5,korean,gpt-3.5-turbo,no_role,low
76,창의성,창의성을 저해하는 요소들을 극복하는 방법은 무엇인가?,0.7910031259059906,5,korean,gpt-3.5-turbo,no_role,low
77,창의성,협업을 통해 창의적 아이디어를 발전시키는 방법은 무엇인가?,0.8551551818847656,5,korean,gpt-3.5-turbo,no_role,low
78,논리적추론,복잡한 문제를 체계적으로 분석하는 방법은 무엇인가?,0.809983491897583,5,korean,gpt-3.5-turbo,no_role,low
79,논리적추론,논리적 결론에 도달하기 위해 필요한 사고 과정은 무엇인가?,0.8172627985477448,5,korean,gpt-3.5-turbo,no_role,low
80,논리적추론,증거와 논리를 바탕으로 타당한 주장을 펼치는 방법은 무엇인가?,0.7707272946834565,5,korean,gpt-3.5-turbo,no_role,low
81,논리적추론,다양한 정보를 종합하여 올바른 판단을 내리는 방법은 무엇인가?,0.8214692413806916,5,korean,gpt-3.5-turbo,no_role,low
82,논리적추론,논리적 오류를 피하고 합리적 사고를 하는 방법은 무엇인가?,0.7813669264316558,5,korean,gpt-3.5-turbo,no_role,low
83,논리적추론,가설을 설정하고 검증하는 체계적인 방법은 무엇인가?,0.8143088936805725,5,korean,gpt-3.5-turbo,no_role,low
84,논리적추론,비판적 사고를 통해 정보의 신뢰성을 평가하는 방법은 무엇인가?,0.8471640348434448,5,korean,gpt-3.5-turbo,no_role,low
85,인성,어려움에 처한 친구를 도와야 하는 이유는 무엇인가?,0.8282927334308624,5,korean,gpt-4o-mini,with_role,high
86,인성,정의로운 사회를 만들기 위해 개인이 해야 할 일은 무엇인가?,0.808596920967102,5,korean,gpt-4o-mini,with_role,high
87,인성,윤리적 딜레마 상황에서 올바른 선택을 하는 기준은 무엇인가?,0.842317134141922,5,korean,gpt-4o-mini,with_role,high
88,인성,타인과의 갈등 상황에서 화해를 이루는 방법은 무엇인가?,0.7999240219593048,5,korean,gpt-4o-mini,with_role,high
89,인성,자신의 실수를 인정하고 책임지는 것의 중요성은 무엇인가?,0.7993649661540985,5,korean,gpt-4o-mini,with_role,high
90,인성,타인에 대한 배려와 공감이 중요한 이유는 무엇인가?,0.8026946365833283,5,korean,gpt-4o-mini,with_role,high
91,인성,도덕적 용기를 발휘해야 하는 상황과 그 방법은 무엇인가?,0.8106558859348297,5,korean,gpt-4o-mini,with_role,high
92,창의성,새로운 아이디어를 생각해내는 가장 효과적인 방법은 무엇인가?,0.800692218542099,5,korean,gpt-4o-mini,with_role,high
93,창의성,창의적 문제해결을 위해 어떤 사고방식이 필요한가?,0.7974593698978424,5,korean,gpt-4o-mini,with_role,high
94,창의성,혁신적인 솔루션을 개발하는 과정에서 중요한 요소는 무엇인가?,0.8243368029594421,5,korean,gpt-4o-mini,with_role,high
95,창의성,기존의 관습을 뛰어넘는 발상을 하는 방법은 무엇인가?,0.7835148394107818,5,korean,gpt-4o-mini,with_role,high
96,창의성,다양한 관점에서 문제를 바라보는 능력을 기르는 방법은 무엇인가?,0.7902483761310577,5,korean,gpt-4o-mini,with_role,high
97,창의성,창의성을 저해하는 요소들을 극복하는 방법은 무엇인가?,0.8111100435256958,5,korean,gpt-4o-mini,with_role,high
98,창의성,협업을 통해 창의적 아이디어를 발전시키는 방법은 무엇인가?,0.8124142765998841,5,korean,gpt-4o-mini,with_role,high
99,논리적추론,복잡한 문제를 체계적으로 분석하는 방법은 무엇인가?,0.7965883016586304,5,korean,gpt-4o-mini,with_role,high
100,논리적추론,논리적 결론에 도달하기 위해 필요한 사고 과정은 무엇인가?,0.816297173500061,5,korean,gpt-4o-mini,with_role,high
101,논리적추론,증거와 논리를 바탕으로 타당한 주장을 펼치는 방법은 무엇인가?,0.8104807436466217,5,korean,gpt-4o-mini,with_role,high
102,논리적추론,다양한 정보를 종합하여 올바른 판단을 내리는 방법은 무엇인가?,0.7837777853012085,5,korean,gpt-4o-mini,with_role,high
103,논리적추론,논리적 오류를 피하고 합리적 사고를 하는 방법은 무엇인가?,0.7651770770549774,5,korean,gpt-4o-mini,with_role,high
104,논리적추론,가설을 설정하고 검증하는 체계적인 방법은 무엇인가?,0.8063734471797943,5,korean,gpt-4o-mini,with_role,high
105,논리적추론,비판적 사고를 통해 정보의 신뢰성을 평가하는 방법은 무엇인가?,0.8026994824409485,5,korean,gpt-4o-mini,with_role,high
106,인성,어려움에 처한 친구를 도와야 하는 이유는 무엇인가?,0.8173961937427521,5,korean,gpt-4o-mini,with_role,low
107,인성,정의로운 사회를 만들기 위해 개인이 해야 할 일은 무엇인가?,0.8148260831832885,5,korean,gpt-4o-mini,with_role,low
108,인성,윤리적 딜레마 상황에서 올바른 선택을 하는 기준은 무엇인가?,0.8412763774394989,5,korean,gpt-4o-mini,with_role,low
109,인성,타인과의 갈등 상황에서 화해를 이루는 방법은 무엇인가?,0.8273205757141113,5,korean,gpt-4o-mini,with_role,low
110,인성,자신의 실수를 인정하고 책임지는 것의 중요성은 무엇인가?,0.8302503108978272,5,korean,gpt-4o-mini,with_role,low
111,인성,타인에 대한 배려와 공감이 중요한 이유는 무엇인가?,0.8314870774745942,5,korean,gpt-4o-mini,with_role,low
112,인성,도덕적 용기를 발휘해야 하는 상황과 그 방법은 무엇인가?,0.8032852053642273,5,korean,gpt-4o-mini,with_role,low
113,창의성,새로운 아이디어를 생각해내는 가장 효과적인 방법은 무엇인가?,0.8046292722225189,5,korean,gpt-4o-mini,with_role,low
114,창의성,창의적 문제해결을 위해 어떤 사고방식이 필요한가?,0.8295574247837066,5,korean,gpt-4o-mini,with_role,low
115,창의성,혁신적인 솔루션을 개발하는 과정에서 중요한 요소는 무엇인가?,0.8030539572238922,5,korean,gpt-4o-mini,with_role,low
116,창의성,기존의 관습을 뛰어넘는 발상을 하는 방법은 무엇인가?,0.8203807890415191,5,korean,gpt-4o-mini,with_role,low
117,창의성,다양한 관점에서 문제를 바라보는 능력을 기르는 방법은 무엇인가?,0.8177842557430267,5,korean,gpt-4o-mini,with_role,low
118,창의성,창의성을 저해하는 요소들을 극복하는 방법은 무엇인가?,0.8085023164749146,5,korean,gpt-4o-mini,with_role,low
119,창의성,협업을 통해 창의적 아이디어를 발전시키는 방법은 무엇인가?,0.8326263546943664,5,korean,gpt-4o-mini,with_role,low
120,논리적추론,복잡한 문제를 체계적으로 분석하는 방법은 무엇인가?,0.8146981358528137,5,korean,gpt-4o-mini,with_role,low
121,논리적추론,논리적 결론에 도달하기 위해 필요한 사고 과정은 무엇인가?,0.8409708857536315,5,korean,gpt-4o-mini,with_role,low
122,논리적추론,증거와 논리를 바탕으로 타당한 주장을 펼치는 방법은 무엇인가?,0.8131854414939881,5,korean,gpt-4o-mini,with_role,low
123,논리적추론,다양한 정보를 종합하여 올바른 판단을 내리는 방법은 무엇인가?,0.8121431946754456,5,korean,gpt-4o-mini,with_role,low
124,논리적추론,논리적 오류를 피하고 합리적 사고를 하는 방법은 무엇인가?,0.819367641210556,5,korean,gpt-4o-mini,with_role,low
125,논리적추론,가설을 설정하고 검증하는 체계적인 방법은 무엇인가?,0.8590080440044403,5,korean,gpt-4o-mini,with_role,low
126,논리적추론,비판적 사고를 통해 정보의 신뢰성을 평가하는 방법은 무엇인가?,0.8314088881015778,5,korean,gpt-4o-mini,with_role,low
127,인성,어려움에 처한 친구를 도와야 하는 이유는 무엇인가?,0.8094926536083221,5,korean,gpt-4o-mini,no_role,high
128,인성,정의로운 사회를 만들기 위해 개인이 해야 할 일은 무엇인가?,0.8003985702991485,5,korean,gpt-4o-mini,no_role,high
129,인성,윤리적 딜레마 상황에서 올바른 선택을 하는 기준은 무엇인가?,0.7851599276065826,5,korean,gpt-4o-mini,no_role,high
130,인성,타인과의 갈등 상황에서 화해를 이루는 방법은 무엇인가?,0.7813494026660919,5,korean,gpt-4o-mini,no_role,high
131,인성,자신의 실수를 인정하고 책임지는 것의 중요성은 무엇인가?,0.7779744029045105,5,korean,gpt-4o-mini,no_role,high
132,인성,타인에 대한 배려와 공감이 중요한 이유는 무엇인가?,0.7999319851398468,5,korean,gpt-4o-mini,no_role,high
133,인성,도덕적 용기를 발휘해야 하는 상황과 그 방법은 무엇인가?,0.7918729245662689,5,korean,gpt-4o-mini,no_role,high
134,창의성,새로운 아이디어를 생각해내는 가장 효과적인 방법은 무엇인가?,0.8056573569774628,5,korean,gpt-4o-mini,no_role,high
135,창의성,창의적 문제해결을 위해 어떤 사고방식이 필요한가?,0.7936460852622986,5,korean,gpt-4o-mini,no_role,high
136,창의성,혁신적인 솔루션을 개발하는 과정에서 중요한 요소는 무엇인가?,0.796656334400177,5,korean,gpt-4o-mini,no_role,high
137,창의성,기존의 관습을 뛰어넘는 발상을 하는 방법은 무엇인가?,0.7784511744976044,5,korean,gpt-4o-mini,no_role,high
138,창의성,다양한 관점에서 문제를 바라보는 능력을 기르는 방법은 무엇인가?,0.8000974714756012,5,korean,gpt-4o-mini,no_role,high
139,창의성,창의성을 저해하는 요소들을 극복하는 방법은 무엇인가?,0.8099859237670899,5,korean,gpt-4o-mini,no_role,high
140,창의성,협업을 통해 창의적 아이디어를 발전시키는 방법은 무엇인가?,0.815253472328186,5,korean,gpt-4o-mini,no_role,high
141,논리적추론,복잡한 문제를 체계적으로 분석하는 방법은 무엇인가?,0.8010995566844941,5,korean,gpt-4o-mini,no_role,high
142,논리적추론,논리적 결론에 도달하기 위해 필요한 사고 과정은 무엇인가?,0.7728949368000031,5,korean,gpt-4o-mini,no_role,high
143,논리적추론,증거와 논리를 바탕으로 타당한 주장을 펼치는 방법은 무엇인가?,0.7916849970817565,5,korean,gpt-4o-mini,no_role,high
144,논리적추론,다양한 정보를 종합하여 올바른 판단을 내리는 방법은 무엇인가?,0.7747437179088592,5,korean,gpt-4o-mini,no_role,high
145,논리적추론,논리적 오류를 피하고 합리적 사고를 하는 방법은 무엇인가?,0.7971960544586182,5,korean,gpt-4o-mini,no_role,high
146,논리적추론,가설을 설정하고 검증하는 체계적인 방법은 무엇인가?,0.7748438477516174,5,korean,gpt-4o-mini,no_role,high
147,논리적추론,비판적 사고를 통해 정보의 신뢰성을 평가하는 방법은 무엇인가?,0.8040564358234406,5,korean,gpt-4o-mini,no_role,high
148,인성,어려움에 처한 친구를 도와야 하는 이유는 무엇인가?,0.7732917726039886,5,korean,gpt-4o-mini,no_role,low
149,인성,정의로운 사회를 만들기 위해 개인이 해야 할 일은 무엇인가?,0.7939973413944245,5,korean,gpt-4o-mini,no_role,low
150,인성,윤리적 딜레마 상황에서 올바른 선택을 하는 기준은 무엇인가?,0.7997784912586212,5,korean,gpt-4o-mini,no_role,low
151,인성,타인과의 갈등 상황에서 화해를 이루는 방법은 무엇인가?,0.8171837985515594,5,korean,gpt-4o-mini,no_role,low
152,인성,자신의 실수를 인정하고 책임지는 것의 중요성은 무엇인가?,0.8102783918380737,5,korean,gpt-4o-mini,no_role,low
153,인성,타인에 대한 배려와 공감이 중요한 이유는 무엇인가?,0.8236788272857666,5,korean,gpt-4o-mini,no_role,low
154,인성,도덕적 용기를 발휘해야 하는 상황과 그 방법은 무엇인가?,0.7918773472309113,5,korean,gpt-4o-mini,no_role,low
155,창의성,새로운 아이디어를 생각해내는 가장 효과적인 방법은 무엇인가?,0.8065158665180207,5,korean,gpt-4o-mini,no_role,low
156,창의성,창의적 문제해결을 위해 어떤 사고방식이 필요한가?,0.8413045883178711,5,korean,gpt-4o-mini,no_role,low
157,창의성,혁신적인 솔루션을 개발하는 과정에서 중요한 요소는 무엇인가?,0.8331119239330291,5,korean,gpt-4o-mini,no_role,low
158,창의성,기존의 관습을 뛰어넘는 발상을 하는 방법은 무엇인가?,0.8209406137466431,5,korean,gpt-4o-mini,no_role,low
159,창의성,다양한 관점에서 문제를 바라보는 능력을 기르는 방법은 무엇인가?,0.8230707347393036,5,korean,gpt-4o-mini,no_role,low
160,창의성,창의성을 저해하는 요소들을 극복하는 방법은 무엇인가?,0.8325674951076507,5,korean,gpt-4o-mini,no_role,low
161,창의성,협업을 통해 창의적 아이디어를 발전시키는 방법은 무엇인가?,0.8427208483219146,5,korean,gpt-4o-mini,no_role,low
162,논리적추론,복잡한 문제를 체계적으로 분석하는 방법은 무엇인가?,0.850721663236618,5,korean,gpt-4o-mini,no_role,low
163,논리적추론,논리적 결론에 도달하기 위해 필요한 사고 과정은 무엇인가?,0.8268720924854278,5,korean,gpt-4o-mini,no_role,low
164,논리적추론,증거와 논리를 바탕으로 타당한 주장을 펼치는 방법은 무엇인가?,0.8350776791572571,5,korean,gpt-4o-mini,no_role,low
165,논리적추론,다양한 정보를 종합하여 올바른 판단을 내리는 방법은 무엇인가?,0.7962893784046173,5,korean,gpt-4o-mini,no_role,low
166,논리적추론,논리적 오류를 피하고 합리적 사고를 하는 방법은 무엇인가?,0.8222006380558013,5,korean,gpt-4o-mini,no_role,low
167,논리적추론,가설을 설정하고 검증하는 체계적인 방법은 무엇인가?,0.8582442045211792,5,korean,gpt-4o-mini,no_role,low
168,논리적추론,비판적 사고를 통해 정보의 신뢰성을 평가하는 방법은 무엇인가?,0.820549613237381,5,korean,gpt-4o-mini,no_role,low
169,인성,어려움에 처한 친구를 도와야 하는 이유는 무엇인가?,0.7741972088813782,5,english,gpt-3.5-turbo,with_role,high
170,인성,정의로운 사회를 만들기 위해 개인이 해야 할 일은 무엇인가?,0.7496071934700013,5,english,gpt-3.5-turbo,with_role,high
171,인성,윤리적 딜레마 상황에서 올바른 선택을 하는 기준은 무엇인가?,0.7612334132194519,5,english,gpt-3.5-turbo,with_role,high
172,인성,타인과의 갈등 상황에서 화해를 이루는 방법은 무엇인가?,0.7721723675727844,5,english,gpt-3.5-turbo,with_role,high
173,인성,자신의 실수를 인정하고 책임지는 것의 중요성은 무엇인가?,0.7656915962696076,5,english,gpt-3.5-turbo,with_role,high
174,인성,타인에 대한 배려와 공감이 중요한 이유는 무엇인가?,0.7738763153553009,5,english,gpt-3.5-turbo,with_role,high
175,인성,도덕적 용기를 발휘해야 하는 상황과 그 방법은 무엇인가?,0.7923175692558289,5,english,gpt-3.5-turbo,with_role,high
176,창의성,새로운 아이디어를 생각해내는 가장 효과적인 방법은 무엇인가?,0.7530627906322479,5,english,gpt-3.5-turbo,with_role,high
177,창의성,창의적 문제해결을 위해 어떤 사고방식이 필요한가?,0.7885756671428681,5,english,gpt-3.5-turbo,with_role,high
178,창의성,혁신적인 솔루션을 개발하는 과정에서 중요한 요소는 무엇인가?,0.7674671649932862,5,english,gpt-3.5-turbo,with_role,high
179,창의성,기존의 관습을 뛰어넘는 발상을 하는 방법은 무엇인가?,0.7807813823223114,5,english,gpt-3.5-turbo,with_role,high
180,창의성,다양한 관점에서 문제를 바라보는 능력을 기르는 방법은 무엇인가?,0.7656552791595459,5,english,gpt-3.5-turbo,with_role,high
181,창의성,창의성을 저해하는 요소들을 극복하는 방법은 무엇인가?,0.7407507956027984,5,english,gpt-3.5-turbo,with_role,high
182,창의성,협업을 통해 창의적 아이디어를 발전시키는 방법은 무엇인가?,0.7796065866947174,5,english,gpt-3.5-turbo,with_role,high
183,논리적추론,복잡한 문제를 체계적으로 분석하는 방법은 무엇인가?,0.7586213767528533,5,english,gpt-3.5-turbo,with_role,high
184,논리적추론,논리적 결론에 도달하기 위해 필요한 사고 과정은 무엇인가?,0.7494868874549866,5,english,gpt-3.5-turbo,with_role,high
185,논리적추론,증거와 논리를 바탕으로 타당한 주장을 펼치는 방법은 무엇인가?,0.7686610877513885,5,english,gpt-3.5-turbo,with_role,high
186,논리적추론,다양한 정보를 종합하여 올바른 판단을 내리는 방법은 무엇인가?,0.7750659644603729,5,english,gpt-3.5-turbo,with_role,high
187,논리적추론,논리적 오류를 피하고 합리적 사고를 하는 방법은 무엇인가?,0.7521895170211792,5,english,gpt-3.5-turbo,with_role,high
188,논리적추론,가설을 설정하고 검증하는 체계적인 방법은 무엇인가?,0.7772282361984253,5,english,gpt-3.5-turbo,with_role,high
189,논리적추론,비판적 사고를 통해 정보의 신뢰성을 평가하는 방법은 무엇인가?,0.7909269154071807,5,english,gpt-3.5-turbo,with_role,high
190,인성,어려움에 처한 친구를 도와야 하는 이유는 무엇인가?,0.7958302021026611,5,english,gpt-3.5-turbo,with_role,low
191,인성,정의로운 사회를 만들기 위해 개인이 해야 할 일은 무엇인가?,0.798676210641861,5,english,gpt-3.5-turbo,with_role,low
192,인성,윤리적 딜레마 상황에서 올바른 선택을 하는 기준은 무엇인가?,0.7811199724674225,5,english,gpt-3.5-turbo,with_role,low
193,인성,타인과의 갈등 상황에서 화해를 이루는 방법은 무엇인가?,0.7846993923187255,5,english,gpt-3.5-turbo,with_role,low
194,인성,자신의 실수를 인정하고 책임지는 것의 중요성은 무엇인가?,0.7867209672927856,5,english,gpt-3.5-turbo,with_role,low
195,인성,타인에 대한 배려와 공감이 중요한 이유는 무엇인가?,0.7966963768005371,5,english,gpt-3.5-turbo,with_role,low
196,인성,도덕적 용기를 발휘해야 하는 상황과 그 방법은 무엇인가?,0.7727281928062439,5,english,gpt-3.5-turbo,with_role,low
197,창의성,새로운 아이디어를 생각해내는 가장 효과적인 방법은 무엇인가?,0.7708298444747925,5,english,gpt-3.5-turbo,with_role,low
198,창의성,창의적 문제해결을 위해 어떤 사고방식이 필요한가?,0.8064935564994812,5,english,gpt-3.5-turbo,with_role,low
199,창의성,혁신적인 솔루션을 개발하는 과정에서 중요한 요소는 무엇인가?,0.7849390387535096,5,english,gpt-3.5-turbo,with_role,low
200,창의성,기존의 관습을 뛰어넘는 발상을 하는 방법은 무엇인가?,0.7817868232727051,5,english,gpt-3.5-turbo,with_role,low
201,창의성,다양한 관점에서 문제를 바라보는 능력을 기르는 방법은 무엇인가?,0.8041805684566498,5,english,gpt-3.5-turbo,with_role,low
202,창의성,창의성을 저해하는 요소들을 극복하는 방법은 무엇인가?,0.7983346223831177,5,english,gpt-3.5-turbo,with_role,low
203,창의성,협업을 통해 창의적 아이디어를 발전시키는 방법은 무엇인가?,0.7636002898216248,5,english,gpt-3.5-turbo,with_role,low
204,논리적추론,복잡한 문제를 체계적으로 분석하는 방법은 무엇인가?,0.793935751914978,5,english,gpt-3.5-turbo,with_role,low
205,논리적추론,논리적 결론에 도달하기 위해 필요한 사고 과정은 무엇인가?,0.920660525560379,5,english,gpt-3.5-turbo,with_role,low
206,논리적추론,증거와 논리를 바탕으로 타당한 주장을 펼치는 방법은 무엇인가?,0.7873972058296204,5,english,gpt-3.5-turbo,with_role,low
207,논리적추론,다양한 정보를 종합하여 올바른 판단을 내리는 방법은 무엇인가?,0.786103630065918,5,english,gpt-3.5-turbo,with_role,low
208,논리적추론,논리적 오류를 피하고 합리적 사고를 하는 방법은 무엇인가?,0.7793464660644531,5,english,gpt-3.5-turbo,with_role,low
209,논리적추론,가설을 설정하고 검증하는 체계적인 방법은 무엇인가?,0.778192150592804,5,english,gpt-3.5-turbo,with_role,low
210,논리적추론,비판적 사고를 통해 정보의 신뢰성을 평가하는 방법은 무엇인가?,0.79012371301651,5,english,gpt-3.5-turbo,with_role,low
211,인성,어려움에 처한 친구를 도와야 하는 이유는 무엇인가?,0.779533076286316,5,english,gpt-3.5-turbo,no_role,high
212,인성,정의로운 사회를 만들기 위해 개인이 해야 할 일은 무엇인가?,0.7587372183799743,5,english,gpt-3.5-turbo,no_role,high
213,인성,윤리적 딜레마 상황에서 올바른 선택을 하는 기준은 무엇인가?,0.7440725862979889,5,english,gpt-3.5-turbo,no_role,high
214,인성,타인과의 갈등 상황에서 화해를 이루는 방법은 무엇인가?,0.779349422454834,5,english,gpt-3.5-turbo,no_role,high
215,인성,자신의 실수를 인정하고 책임지는 것의 중요성은 무엇인가?,0.7417095899581909,5,english,gpt-3.5-turbo,no_role,high
216,인성,타인에 대한 배려와 공감이 중요한 이유는 무엇인가?,0.784740662574768,5,english,gpt-3.5-turbo,no_role,high
217,인성,도덕적 용기를 발휘해야 하는 상황과 그 방법은 무엇인가?,0.7725833594799042,5,english,gpt-3.5-turbo,no_role,high
218,창의성,새로운 아이디어를 생각해내는 가장 효과적인 방법은 무엇인가?,0.7771689653396606,5,english,gpt-3.5-turbo,no_role,high
219,창의성,창의적 문제해결을 위해 어떤 사고방식이 필요한가?,0.7690472781658173,5,english,gpt-3.5-turbo,no_role,high
220,창의성,혁신적인 솔루션을 개발하는 과정에서 중요한 요소는 무엇인가?,0.76732057929039,5,english,gpt-3.5-turbo,no_role,high
221,창의성,기존의 관습을 뛰어넘는 발상을 하는 방법은 무엇인가?,0.7491394102573394,5,english,gpt-3.5-turbo,no_role,high
222,창의성,다양한 관점에서 문제를 바라보는 능력을 기르는 방법은 무엇인가?,0.7756822586059571,5,english,gpt-3.5-turbo,no_role,high
223,창의성,창의성을 저해하는 요소들을 극복하는 방법은 무엇인가?,0.762379652261734,5,english,gpt-3.5-turbo,no_role,high
224,창의성,협업을 통해 창의적 아이디어를 발전시키는 방법은 무엇인가?,0.7920267701148986,5,english,gpt-3.5-turbo,no_role,high
225,논리적추론,복잡한 문제를 체계적으로 분석하는 방법은 무엇인가?,0.7994420826435089,5,english,gpt-3.5-turbo,no_role,high
226,논리적추론,논리적 결론에 도달하기 위해 필요한 사고 과정은 무엇인가?,0.7597347915172576,5,english,gpt-3.5-turbo,no_role,high
227,논리적추론,증거와 논리를 바탕으로 타당한 주장을 펼치는 방법은 무엇인가?,0.7697981655597687,5,english,gpt-3.5-turbo,no_role,high
228,논리적추론,다양한 정보를 종합하여 올바른 판단을 내리는 방법은 무엇인가?,0.7874079287052155,5,english,gpt-3.5-turbo,no_role,high
229,논리적추론,논리적 오류를 피하고 합리적 사고를 하는 방법은 무엇인가?,0.755099356174469,5,english,gpt-3.5-turbo,no_role,high
230,논리적추론,가설을 설정하고 검증하는 체계적인 방법은 무엇인가?,0.7830076396465302,5,english,gpt-3.5-turbo,no_role,high
231,논리적추론,비판적 사고를 통해 정보의 신뢰성을 평가하는 방법은 무엇인가?,0.7743447840213775,5,english,gpt-3.5-turbo,no_role,high
232,인성,어려움에 처한 친구를 도와야 하는 이유는 무엇인가?,0.790400606393814,5,english,gpt-3.5-turbo,no_role,low
233,인성,정의로운 사회를 만들기 위해 개인이 해야 할 일은 무엇인가?,0.8102413475513458,5,english,gpt-3.5-turbo,no_role,low
234,인성,윤리적 딜레마 상황에서 올바른 선택을 하는 기준은 무엇인가?,0.7965475201606751,5,english,gpt-3.5-turbo,no_role,low
235,인성,타인과의 갈등 상황에서 화해를 이루는 방법은 무엇인가?,0.73693807721138,5,english,gpt-3.5-turbo,no_role,low
236,인성,자신의 실수를 인정하고 책임지는 것의 중요성은 무엇인가?,0.793840616941452,5,english,gpt-3.5-turbo,no_role,low
237,인성,타인에 대한 배려와 공감이 중요한 이유는 무엇인가?,0.831407082080841,5,english,gpt-3.5-turbo,no_role,low
238,인성,도덕적 용기를 발휘해야 하는 상황과 그 방법은 무엇인가?,0.7915481507778168,5,english,gpt-3.5-turbo,no_role,low
239,창의성,새로운 아이디어를 생각해내는 가장 효과적인 방법은 무엇인가?,0.8018423020839691,5,english,gpt-3.5-turbo,no_role,low
240,창의성,창의적 문제해결을 위해 어떤 사고방식이 필요한가?,0.8014536619186401,5,english,gpt-3.5-turbo,no_role,low
241,창의성,혁신적인 솔루션을 개발하는 과정에서 중요한 요소는 무엇인가?,0.7933176696300507,5,english,gpt-3.5-turbo,no_role,low
242,창의성,기존의 관습을 뛰어넘는 발상을 하는 방법은 무엇인가?,0.784245365858078,5,english,gpt-3.5-turbo,no_role,low
243,창의성,다양한 관점에서 문제를 바라보는 능력을 기르는 방법은 무엇인가?,0.7898640930652618,5,english,gpt-3.5-turbo,no_role,low
244,창의성,창의성을 저해하는 요소들을 극복하는 방법은 무엇인가?,0.7893779337406158,5,english,gpt-3.5-turbo,no_role,low
245,창의성,협업을 통해 창의적 아이디어를 발전시키는 방법은 무엇인가?,0.8348684489727021,5,english,gpt-3.5-turbo,no_role,low
246,논리적추론,복잡한 문제를 체계적으로 분석하는 방법은 무엇인가?,0.7738922297954559,5,english,gpt-3.5-turbo,no_role,low
247,논리적추론,논리적 결론에 도달하기 위해 필요한 사고 과정은 무엇인가?,0.8069727778434753,5,english,gpt-3.5-turbo,no_role,low
248,논리적추론,증거와 논리를 바탕으로 타당한 주장을 펼치는 방법은 무엇인가?,0.7697039544582367,5,english,gpt-3.5-turbo,no_role,low
249,논리적추론,다양한 정보를 종합하여 올바른 판단을 내리는 방법은 무엇인가?,0.8176694095134736,5,english,gpt-3.5-turbo,no_role,low
250,논리적추론,논리적 오류를 피하고 합리적 사고를 하는 방법은 무엇인가?,0.8044528722763061,5,english,gpt-3.5-turbo,no_role,low
251,논리적추론,가설을 설정하고 검증하는 체계적인 방법은 무엇인가?,0.794520914554596,5,english,gpt-3.5-turbo,no_role,low
252,논리적추론,비판적 사고를 통해 정보의 신뢰성을 평가하는 방법은 무엇인가?,0.8134904325008392,5,english,gpt-3.5-turbo,no_role,low
253,인성,어려움에 처한 친구를 도와야 하는 이유는 무엇인가?,0.8316992521286011,5,english,gpt-4o-mini,with_role,high
254,인성,정의로운 사회를 만들기 위해 개인이 해야 할 일은 무엇인가?,0.7967025518417359,5,english,gpt-4o-mini,with_role,high
255,인성,윤리적 딜레마 상황에서 올바른 선택을 하는 기준은 무엇인가?,0.7909769356250763,5,english,gpt-4o-mini,with_role,high
256,인성,타인과의 갈등 상황에서 화해를 이루는 방법은 무엇인가?,0.8135164201259613,5,english,gpt-4o-mini,with_role,high
257,인성,자신의 실수를 인정하고 책임지는 것의 중요성은 무엇인가?,0.8122972071170806,5,english,gpt-4o-mini,with_role,high
258,인성,타인에 대한 배려와 공감이 중요한 이유는 무엇인가?,0.824240756034851,5,english,gpt-4o-mini,with_role,high
259,인성,도덕적 용기를 발휘해야 하는 상황과 그 방법은 무엇인가?,0.7954297602176666,5,english,gpt-4o-mini,with_role,high
260,창의성,새로운 아이디어를 생각해내는 가장 효과적인 방법은 무엇인가?,0.790314131975174,5,english,gpt-4o-mini,with_role,high
261,창의성,창의적 문제해결을 위해 어떤 사고방식이 필요한가?,0.8103795945644379,5,english,gpt-4o-mini,with_role,high
262,창의성,혁신적인 솔루션을 개발하는 과정에서 중요한 요소는 무엇인가?,0.8029689610004425,5,english,gpt-4o-mini,with_role,high
263,창의성,기존의 관습을 뛰어넘는 발상을 하는 방법은 무엇인가?,0.7649795174598694,5,english,gpt-4o-mini,with_role,high
264,창의성,다양한 관점에서 문제를 바라보는 능력을 기르는 방법은 무엇인가?,0.8071700751781463,5,english,gpt-4o-mini,with_role,high
265,창의성,창의성을 저해하는 요소들을 극복하는 방법은 무엇인가?,0.7972160637378692,5,english,gpt-4o-mini,with_role,high
266,창의성,협업을 통해 창의적 아이디어를 발전시키는 방법은 무엇인가?,0.8406950771808624,5,english,gpt-4o-mini,with_role,high
267,논리적추론,복잡한 문제를 체계적으로 분석하는 방법은 무엇인가?,0.7932754158973694,5,english,gpt-4o-mini,with_role,high
268,논리적추론,논리적 결론에 도달하기 위해 필요한 사고 과정은 무엇인가?,0.7942727208137512,5,english,gpt-4o-mini,with_role,high
269,논리적추론,증거와 논리를 바탕으로 타당한 주장을 펼치는 방법은 무엇인가?,0.7975337862968445,5,english,gpt-4o-mini,with_role,high
270,논리적추론,다양한 정보를 종합하여 올바른 판단을 내리는 방법은 무엇인가?,0.8067601025104523,5,english,gpt-4o-mini,with_role,high
271,논리적추론,논리적 오류를 피하고 합리적 사고를 하는 방법은 무엇인가?,0.799987256526947,5,english,gpt-4o-mini,with_role,high
272,논리적추론,가설을 설정하고 검증하는 체계적인 방법은 무엇인가?,0.8173689007759094,5,english,gpt-4o-mini,with_role,high
273,논리적추론,비판적 사고를 통해 정보의 신뢰성을 평가하는 방법은 무엇인가?,0.8241439700126648,5,english,gpt-4o-mini,with_role,high
274,인성,어려움에 처한 친구를 도와야 하는 이유는 무엇인가?,0.8254242658615112,5,english,gpt-4o-mini,with_role,low
275,인성,정의로운 사회를 만들기 위해 개인이 해야 할 일은 무엇인가?,0.8469740867614746,5,english,gpt-4o-mini,with_role,low
276,인성,윤리적 딜레마 상황에서 올바른 선택을 하는 기준은 무엇인가?,0.8397720038890839,5,english,gpt-4o-mini,with_role,low
277,인성,타인과의 갈등 상황에서 화해를 이루는 방법은 무엇인가?,0.8264991223812104,5,english,gpt-4o-mini,with_role,low
278,인성,자신의 실수를 인정하고 책임지는 것의 중요성은 무엇인가?,0.84713334441185,5,english,gpt-4o-mini,with_role,low
279,인성,타인에 대한 배려와 공감이 중요한 이유는 무엇인가?,0.8311323702335358,5,english,gpt-4o-mini,with_role,low
280,인성,도덕적 용기를 발휘해야 하는 상황과 그 방법은 무엇인가?,0.8123338103294373,5,english,gpt-4o-mini,with_role,low
281,창의성,새로운 아이디어를 생각해내는 가장 효과적인 방법은 무엇인가?,0.8289457738399506,5,english,gpt-4o-mini,with_role,low
282,창의성,창의적 문제해결을 위해 어떤 사고방식이 필요한가?,0.8396404504776,5,english,gpt-4o-mini,with_role,low
283,창의성,혁신적인 솔루션을 개발하는 과정에서 중요한 요소는 무엇인가?,0.8088459074497223,5,english,gpt-4o-mini,with_role,low
284,창의성,기존의 관습을 뛰어넘는 발상을 하는 방법은 무엇인가?,0.8135813474655151,5,english,gpt-4o-mini,with_role,low
285,창의성,다양한 관점에서 문제를 바라보는 능력을 기르는 방법은 무엇인가?,0.8173410296440125,5,english,gpt-4o-mini,with_role,low
286,창의성,창의성을 저해하는 요소들을 극복하는 방법은 무엇인가?,0.8150216281414032,5,english,gpt-4o-mini,with_role,low
287,창의성,협업을 통해 창의적 아이디어를 발전시키는 방법은 무엇인가?,0.8347008645534515,5,english,gpt-4o-mini,with_role,low
288,논리적추론,복잡한 문제를 체계적으로 분석하는 방법은 무엇인가?,0.8346112847328186,5,english,gpt-4o-mini,with_role,low
289,논리적추론,논리적 결론에 도달하기 위해 필요한 사고 과정은 무엇인가?,0.8271399080753327,5,english,gpt-4o-mini,with_role,low
290,논리적추론,증거와 논리를 바탕으로 타당한 주장을 펼치는 방법은 무엇인가?,0.8228956580162048,5,english,gpt-4o-mini,with_role,low
291,논리적추론,다양한 정보를 종합하여 올바른 판단을 내리는 방법은 무엇인가?,0.8393930494785309,5,english,gpt-4o-mini,with_role,low
292,논리적추론,논리적 오류를 피하고 합리적 사고를 하는 방법은 무엇인가?,0.8254279971122742,5,english,gpt-4o-mini,with_role,low
293,논리적추론,가설을 설정하고 검증하는 체계적인 방법은 무엇인가?,0.8240527629852294,5,english,gpt-4o-mini,with_role,low
294,논리적추론,비판적 사고를 통해 정보의 신뢰성을 평가하는 방법은 무엇인가?,0.8267073929309845,5,english,gpt-4o-mini,with_role,low
295,인성,어려움에 처한 친구를 도와야 하는 이유는 무엇인가?,0.8229461491107941,5,english,gpt-4o-mini,no_role,high
296,인성,정의로운 사회를 만들기 위해 개인이 해야 할 일은 무엇인가?,0.8080183148384095,5,english,gpt-4o-mini,no_role,high
297,인성,윤리적 딜레마 상황에서 올바른 선택을 하는 기준은 무엇인가?,0.7683690845966339,5,english,gpt-4o-mini,no_role,high
298,인성,타인과의 갈등 상황에서 화해를 이루는 방법은 무엇인가?,0.8037953495979309,5,english,gpt-4o-mini,no_role,high
299,인성,자신의 실수를 인정하고 책임지는 것의 중요성은 무엇인가?,0.8116494178771972,5,english,gpt-4o-mini,no_role,high
300,인성,타인에 대한 배려와 공감이 중요한 이유는 무엇인가?,0.8166107058525085,5,english,gpt-4o-mini,no_role,high
301,인성,도덕적 용기를 발휘해야 하는 상황과 그 방법은 무엇인가?,0.7849543273448945,5,english,gpt-4o-mini,no_role,high
302,창의성,새로운 아이디어를 생각해내는 가장 효과적인 방법은 무엇인가?,0.8237706780433655,5,english,gpt-4o-mini,no_role,high
303,창의성,창의적 문제해결을 위해 어떤 사고방식이 필요한가?,0.8026010990142822,5,english,gpt-4o-mini,no_role,high
304,창의성,혁신적인 솔루션을 개발하는 과정에서 중요한 요소는 무엇인가?,0.797673761844635,5,english,gpt-4o-mini,no_role,high
305,창의성,기존의 관습을 뛰어넘는 발상을 하는 방법은 무엇인가?,0.7844009399414062,5,english,gpt-4o-mini,no_role,high
306,창의성,다양한 관점에서 문제를 바라보는 능력을 기르는 방법은 무엇인가?,0.8036365151405335,5,english,gpt-4o-mini,no_role,high
307,창의성,창의성을 저해하는 요소들을 극복하는 방법은 무엇인가?,0.7824684739112854,5,english,gpt-4o-mini,no_role,high
308,창의성,협업을 통해 창의적 아이디어를 발전시키는 방법은 무엇인가?,0.8238958299160004,5,english,gpt-4o-mini,no_role,high
309,논리적추론,복잡한 문제를 체계적으로 분석하는 방법은 무엇인가?,0.8121498703956604,5,english,gpt-4o-mini,no_role,high
310,논리적추론,논리적 결론에 도달하기 위해 필요한 사고 과정은 무엇인가?,0.8078957617282867,5,english,gpt-4o-mini,no_role,high
311,논리적추론,증거와 논리를 바탕으로 타당한 주장을 펼치는 방법은 무엇인가?,0.8055934190750123,5,english,gpt-4o-mini,no_role,high
312,논리적추론,다양한 정보를 종합하여 올바른 판단을 내리는 방법은 무엇인가?,0.8114956200122834,5,english,gpt-4o-mini,no_role,high
313,논리적추론,논리적 오류를 피하고 합리적 사고를 하는 방법은 무엇인가?,0.789607971906662,5,english,gpt-4o-mini,no_role,high
314,논리적추론,가설을 설정하고 검증하는 체계적인 방법은 무엇인가?,0.8042549073696137,5,english,gpt-4o-mini,no_role,high
315,논리적추론,비판적 사고를 통해 정보의 신뢰성을 평가하는 방법은 무엇인가?,0.805908876657486,5,english,gpt-4o-mini,no_role,high
316,인성,어려움에 처한 친구를 도와야 하는 이유는 무엇인가?,0.8147685527801514,5,english,gpt-4o-mini,no_role,low
317,인성,정의로운 사회를 만들기 위해 개인이 해야 할 일은 무엇인가?,0.8034596800804138,5,english,gpt-4o-mini,no_role,low
318,인성,윤리적 딜레마 상황에서 올바른 선택을 하는 기준은 무엇인가?,0.8205579578876495,5,english,gpt-4o-mini,no_role,low
319,인성,타인과의 갈등 상황에서 화해를 이루는 방법은 무엇인가?,0.8138203561306,5,english,gpt-4o-mini,no_role,low
320,인성,자신의 실수를 인정하고 책임지는 것의 중요성은 무엇인가?,0.808854603767395,5,english,gpt-4o-mini,no_role,low
321,인성,타인에 대한 배려와 공감이 중요한 이유는 무엇인가?,0.8120465397834777,5,english,gpt-4o-mini,no_role,low
322,인성,도덕적 용기를 발휘해야 하는 상황과 그 방법은 무엇인가?,0.7937762141227722,5,english,gpt-4o-mini,no_role,low
323,창의성,새로운 아이디어를 생각해내는 가장 효과적인 방법은 무엇인가?,0.8126183450222015,5,english,gpt-4o-mini,no_role,low
324,창의성,창의적 문제해결을 위해 어떤 사고방식이 필요한가?,0.846147358417511,5,english,gpt-4o-mini,no_role,low
325,창의성,혁신적인 솔루션을 개발하는 과정에서 중요한 요소는 무엇인가?,0.8269196331501008,5,english,gpt-4o-mini,no_role,low
326,창의성,기존의 관습을 뛰어넘는 발상을 하는 방법은 무엇인가?,0.8294259786605835,5,english,gpt-4o-mini,no_role,low
327,창의성,다양한 관점에서 문제를 바라보는 능력을 기르는 방법은 무엇인가?,0.8023185729980469,5,english,gpt-4o-mini,no_role,low
328,창의성,창의성을 저해하는 요소들을 극복하는 방법은 무엇인가?,0.8178831577301026,5,english,gpt-4o-mini,no_role,low
329,창의성,협업을 통해 창의적 아이디어를 발전시키는 방법은 무엇인가?,0.8131599366664887,5,english,gpt-4o-mini,no_role,low
330,논리적추론,복잡한 문제를 체계적으로 분석하는 방법은 무엇인가?,0.838777607679367,5,english,gpt-4o-mini,no_role,low
331,논리적추론,논리적 결론에 도달하기 위해 필요한 사고 과정은 무엇인가?,0.8198164820671081,5,english,gpt-4o-mini,no_role,low
332,논리적추론,증거와 논리를 바탕으로 타당한 주장을 펼치는 방법은 무엇인가?,0.8167416870594024,5,english,gpt-4o-mini,no_role,low
333,논리적추론,다양한 정보를 종합하여 올바른 판단을 내리는 방법은 무엇인가?,0.8200131595134735,5,english,gpt-4o-mini,no_role,low
334,논리적추론,논리적 오류를 피하고 합리적 사고를 하는 방법은 무엇인가?,0.7773516058921814,5,english,gpt-4o-mini,no_role,low
335,논리적추론,가설을 설정하고 검증하는 체계적인 방법은 무엇인가?,0.868063873052597,5,english,gpt-4o-mini,no_role,low
336,논리적추론,비판적 사고를 통해 정보의 신뢰성을 평가하는 방법은 무엇인가?,0.8179887235164642,5,english,gpt-4o-mini,no_role,low
